{
    "Colliders": [
        {
            "name": "Collider1",
            "offset": {
                "x": 1.7599999904632568,
                "y": 1.399999976158142,
                "z": 1.1200000047683716
            },
            "radius": 1.0,
            "type": 0
        },
        {
            "name": "Collider2",
            "offset": {
                "x": -0.2800000011920929,
                "y": 0.0,
                "z": 0.0
            },
            "radius": 1.0,
            "type": 0
        }
    ]
}