{
    "Colliders": [
        {
            "category": "None",
            "name": "NewCollider",
            "offset": {
                "x": 1.7999999523162842,
                "y": 1.1200000047683716,
                "z": 1.600000023841858
            },
            "radius": 1.0,
            "type": 0
        }
    ]
}