{
    "Colliders": [
        {
            "name": "NewCollider",
            "offset": {
                "x": 0.9200000166893005,
                "y": 0.6100000143051147,
                "z": 0.5299999713897705
            },
            "radius": 1.0199999809265137,
            "type": 0
        }
    ]
}