{
    "Colliders": [
        {
            "category": "None",
            "name": "NewCollider",
            "offset": {
                "x": 2.259999990463257,
                "y": 0.0,
                "z": 0.2199999988079071
            },
            "radius": 4.090000152587891,
            "type": 0
        }
    ]
}