{
    "Colliders": [
        {
            "name": "NewCollider",
            "offset": {
                "x": 1.9500000476837158,
                "y": 0.0,
                "z": 0.0
            },
            "radius": 1.0,
            "type": 0
        },
        {
            "name": "NewCollider1",
            "offset": {
                "x": -2.130000114440918,
                "y": 0.36000001430511475,
                "z": 0.0
            },
            "radius": 1.0,
            "type": 0
        },
        {
            "name": "NewCollider2",
            "offset": {
                "x": 0.0,
                "y": 0.0,
                "z": 2.009999990463257
            },
            "radius": 1.0,
            "type": 0
        }
    ]
}